{
  "xsec_mom_12-1_top5": {
    "active_days": 2132,
    "pct_active": 87.5924404272802,
    "cagr": 0.06992915629717489,
    "sharpe": 0.46531280770268446,
    "max_dd": -0.4429210655095711,
    "p_value": 0.081
  },
  "xsec_mom_6-1_top5": {
    "active_days": 2261,
    "pct_active": 92.8923582580115,
    "cagr": 0.07129896702107508,
    "sharpe": 0.4609216966561697,
    "max_dd": -0.47526350532642614,
    "p_value": 0.072
  },
  "xsec_mom_3-1_top5": {
    "active_days": 2327,
    "pct_active": 95.60394412489728,
    "cagr": 0.029866773101884236,
    "sharpe": 0.2519367188816558,
    "max_dd": -0.49658750467185897,
    "p_value": 0.215
  },
  "xsec_mom_12-1_top3": {
    "active_days": 2132,
    "pct_active": 87.5924404272802,
    "cagr": 0.061311509910677575,
    "sharpe": 0.4123571262945119,
    "max_dd": -0.4039911400149976,
    "p_value": 0.099
  },
  "xsec_mom_12-1_LS5x5": {
    "active_days": 2132,
    "pct_active": 87.5924404272802,
    "cagr": -0.000992231328897808,
    "sharpe": 0.024765047523248037,
    "max_dd": -0.21736273406055007,
    "p_value": 0.47
  },
  "ts_mom_12mo_positive": {
    "active_days": 2414,
    "pct_active": 99.17830731306492,
    "cagr": 0.025105750256579684,
    "sharpe": 0.23300409527124727,
    "max_dd": -0.5091105583634907,
    "p_value": 0.236
  },
  "ts_sma200_daily": {
    "active_days": 2414,
    "pct_active": 99.17830731306492,
    "cagr": 0.06814754617393204,
    "sharpe": 0.487045867631291,
    "max_dd": -0.3936690780707516,
    "p_value": 0.067
  },
  "ts_sma10mo_faber": {
    "active_days": 2414,
    "pct_active": 99.17830731306492,
    "cagr": 0.06948677098467448,
    "sharpe": 0.48847695929772944,
    "max_dd": -0.3899408238527913,
    "p_value": 0.069
  },
  "dual_mom_top1": {
    "active_days": 2152,
    "pct_active": 88.41413311421529,
    "cagr": 0.06265527358305478,
    "sharpe": 0.37169264399176893,
    "max_dd": -0.4166776040426645,
    "p_value": 0.123
  },
  "dual_mom_top3": {
    "active_days": 2152,
    "pct_active": 88.41413311421529,
    "cagr": 0.03134172999216278,
    "sharpe": 0.26239446033155733,
    "max_dd": -0.4704626269712787,
    "p_value": 0.202
  },
  "dual_mom_top5": {
    "active_days": 2152,
    "pct_active": 88.41413311421529,
    "cagr": 0.02864185809873976,
    "sharpe": 0.25158306968264144,
    "max_dd": -0.4880740487344315,
    "p_value": 0.218
  },
  "em_dm_rotation": {
    "active_days": 2152,
    "pct_active": 88.41413311421529,
    "cagr": 0.06333646281233696,
    "sharpe": 0.43048966582369513,
    "max_dd": -0.40968649711621086,
    "p_value": 0.093
  },
  "em_dm_rotation_bilfilter": {
    "active_days": 2152,
    "pct_active": 88.41413311421529,
    "cagr": 0.04399743696313263,
    "sharpe": 0.39261718878914675,
    "max_dd": -0.26208409736413807,
    "p_value": 0.11
  },
  "annual_xsec_mom_12_top5": {
    "active_days": 2132,
    "pct_active": 87.5924404272802,
    "cagr": 0.04929865647621079,
    "sharpe": 0.3560506085765714,
    "max_dd": -0.4481908453131165,
    "p_value": 0.132
  },
  "annual_xsec_mom_12_top3": {
    "active_days": 2132,
    "pct_active": 87.5924404272802,
    "cagr": 0.04359777682795518,
    "sharpe": 0.32495027084518174,
    "max_dd": -0.4382977694822163,
    "p_value": 0.155
  },
  "annual_ts_mom_12mo": {
    "active_days": 2414,
    "pct_active": 99.17830731306492,
    "cagr": 0.0328655201277257,
    "sharpe": 0.2764189153263901,
    "max_dd": -0.4282286565994362,
    "p_value": 0.186
  },
  "annual_dual_mom_top1": {
    "active_days": 2152,
    "pct_active": 88.41413311421529,
    "cagr": 0.029559904926810265,
    "sharpe": 0.24434489568072337,
    "max_dd": -0.48544780026395207,
    "p_value": 0.215
  },
  "annual_contrarian_3yr_bot5": {
    "active_days": 1610,
    "pct_active": 66.14626129827444,
    "cagr": 0.09076704929580015,
    "sharpe": 0.5456722776170755,
    "max_dd": -0.4471518705405694,
    "p_value": 0.041
  },
  "annual_contrarian_5yr_bot5": {
    "active_days": 1089,
    "pct_active": 44.74116680361544,
    "cagr": 0.13475037678021895,
    "sharpe": 0.7974418470383009,
    "max_dd": -0.3379479880967782,
    "p_value": 0.007
  }
}